{
	"info": {
		"_postman_id": "4c042911-1298-43bd-8c2b-62fa0208cb92",
		"name": "2 задание",
		"schema": "https://schema.getpostman.com/json/collection/v2.1.0/collection.json",
		"_exporter_id": "31599851"
	},
	"item": [
		{
			"name": "POST Работа с курьерами: возможность проверить, есть ли доставка курьерской службой «Привезём быстро» и сколько она стоит — ручка POST",
			"item": [
				{
					"name": "1",
					"request": {
						"method": "POST",
						"header": [],
						"body": {
							"mode": "raw",
							"raw": "<InputModel>\n    <productsCount>0</productsCount>\n    <productsWeight>5.1</productsWeight>\n    <deliveryTime>20</deliveryTime>\n</InputModel>",
							"options": {
								"raw": {
									"language": "xml"
								}
							}
						},
						"url": {
							"raw": "{{server_address}}fast-delivery/v3.1.1/calculate-delivery.xml",
							"host": [
								"{{server_address}}fast-delivery"
							],
							"path": [
								"v3.1.1",
								"calculate-delivery.xml"
							]
						}
					},
					"response": []
				},
				{
					"name": "2",
					"request": {
						"method": "POST",
						"header": [],
						"body": {
							"mode": "raw",
							"raw": "<InputModel>\n    <productsCount>1</productsCount>\n    <productsWeight>5.1</productsWeight>\n    <deliveryTime>20</deliveryTime>\n</InputModel>",
							"options": {
								"raw": {
									"language": "xml"
								}
							}
						},
						"url": {
							"raw": "{{server_address}}fast-delivery/v3.1.1/calculate-delivery.xml",
							"host": [
								"{{server_address}}fast-delivery"
							],
							"path": [
								"v3.1.1",
								"calculate-delivery.xml"
							]
						}
					},
					"response": []
				},
				{
					"name": "3",
					"request": {
						"method": "POST",
						"header": [],
						"body": {
							"mode": "raw",
							"raw": "<InputModel>\n    <productsCount>4</productsCount>\n    <productsWeight>5.1</productsWeight>\n    <deliveryTime>20</deliveryTime>\n</InputModel>",
							"options": {
								"raw": {
									"language": "xml"
								}
							}
						},
						"url": {
							"raw": "{{server_address}}fast-delivery/v3.1.1/calculate-delivery.xml",
							"host": [
								"{{server_address}}fast-delivery"
							],
							"path": [
								"v3.1.1",
								"calculate-delivery.xml"
							]
						}
					},
					"response": []
				},
				{
					"name": "4",
					"request": {
						"method": "POST",
						"header": [],
						"body": {
							"mode": "raw",
							"raw": "<InputModel>\n    <productsCount>6</productsCount>\n    <productsWeight>5.1</productsWeight>\n    <deliveryTime>20</deliveryTime>\n</InputModel>",
							"options": {
								"raw": {
									"language": "xml"
								}
							}
						},
						"url": {
							"raw": "{{server_address}}fast-delivery/v3.1.1/calculate-delivery.xml",
							"host": [
								"{{server_address}}fast-delivery"
							],
							"path": [
								"v3.1.1",
								"calculate-delivery.xml"
							]
						}
					},
					"response": []
				},
				{
					"name": "5",
					"request": {
						"method": "POST",
						"header": [],
						"body": {
							"mode": "raw",
							"raw": "<InputModel>\n    <productsCount>7</productsCount>\n    <productsWeight>5.1</productsWeight>\n    <deliveryTime>20</deliveryTime>\n</InputModel>",
							"options": {
								"raw": {
									"language": "xml"
								}
							}
						},
						"url": {
							"raw": "{{server_address}}fast-delivery/v3.1.1/calculate-delivery.xml",
							"host": [
								"{{server_address}}fast-delivery"
							],
							"path": [
								"v3.1.1",
								"calculate-delivery.xml"
							]
						}
					},
					"response": []
				},
				{
					"name": "6",
					"request": {
						"method": "POST",
						"header": [],
						"body": {
							"mode": "raw",
							"raw": "<InputModel>\n    <productsCount>8</productsCount>\n    <productsWeight>5.1</productsWeight>\n    <deliveryTime>20</deliveryTime>\n</InputModel>",
							"options": {
								"raw": {
									"language": "xml"
								}
							}
						},
						"url": {
							"raw": "{{server_address}}fast-delivery/v3.1.1/calculate-delivery.xml",
							"host": [
								"{{server_address}}fast-delivery"
							],
							"path": [
								"v3.1.1",
								"calculate-delivery.xml"
							]
						}
					},
					"response": []
				},
				{
					"name": "7",
					"request": {
						"method": "POST",
						"header": [],
						"body": {
							"mode": "raw",
							"raw": "<InputModel>\n    <productsCount>9</productsCount>\n    <productsWeight>5.1</productsWeight>\n    <deliveryTime>20</deliveryTime>\n</InputModel>",
							"options": {
								"raw": {
									"language": "xml"
								}
							}
						},
						"url": {
							"raw": "{{server_address}}fast-delivery/v3.1.1/calculate-delivery.xml",
							"host": [
								"{{server_address}}fast-delivery"
							],
							"path": [
								"v3.1.1",
								"calculate-delivery.xml"
							]
						}
					},
					"response": []
				},
				{
					"name": "8",
					"request": {
						"method": "POST",
						"header": [],
						"body": {
							"mode": "raw",
							"raw": "<InputModel>\n    <productsCount>11</productsCount>\n    <productsWeight>5.1</productsWeight>\n    <deliveryTime>20</deliveryTime>\n</InputModel>",
							"options": {
								"raw": {
									"language": "xml"
								}
							}
						},
						"url": {
							"raw": "{{server_address}}fast-delivery/v3.1.1/calculate-delivery.xml",
							"host": [
								"{{server_address}}fast-delivery"
							],
							"path": [
								"v3.1.1",
								"calculate-delivery.xml"
							]
						}
					},
					"response": []
				},
				{
					"name": "9",
					"request": {
						"method": "POST",
						"header": [],
						"body": {
							"mode": "raw",
							"raw": "<InputModel>\n    <productsCount>13</productsCount>\n    <productsWeight>5.1</productsWeight>\n    <deliveryTime>20</deliveryTime>\n</InputModel>",
							"options": {
								"raw": {
									"language": "xml"
								}
							}
						},
						"url": {
							"raw": "{{server_address}}fast-delivery/v3.1.1/calculate-delivery.xml",
							"host": [
								"{{server_address}}fast-delivery"
							],
							"path": [
								"v3.1.1",
								"calculate-delivery.xml"
							]
						}
					},
					"response": []
				},
				{
					"name": "10",
					"request": {
						"method": "POST",
						"header": [],
						"body": {
							"mode": "raw",
							"raw": "<InputModel>\n    <productsCount>14</productsCount>\n    <productsWeight>5.1</productsWeight>\n    <deliveryTime>20</deliveryTime>\n</InputModel>",
							"options": {
								"raw": {
									"language": "xml"
								}
							}
						},
						"url": {
							"raw": "{{server_address}}fast-delivery/v3.1.1/calculate-delivery.xml",
							"host": [
								"{{server_address}}fast-delivery"
							],
							"path": [
								"v3.1.1",
								"calculate-delivery.xml"
							]
						}
					},
					"response": []
				},
				{
					"name": "11",
					"request": {
						"method": "POST",
						"header": [],
						"body": {
							"mode": "raw",
							"raw": "<InputModel>\n    <productsCount>15</productsCount>\n    <productsWeight>5.1</productsWeight>\n    <deliveryTime>20</deliveryTime>\n</InputModel>",
							"options": {
								"raw": {
									"language": "xml"
								}
							}
						},
						"url": {
							"raw": "{{server_address}}fast-delivery/v3.1.1/calculate-delivery.xml",
							"host": [
								"{{server_address}}fast-delivery"
							],
							"path": [
								"v3.1.1",
								"calculate-delivery.xml"
							]
						}
					},
					"response": []
				},
				{
					"name": "12",
					"request": {
						"method": "POST",
						"header": [],
						"body": {
							"mode": "raw",
							"raw": "<InputModel>\n    <productsCount>20</productsCount>\n    <productsWeight>5.1</productsWeight>\n    <deliveryTime>20</deliveryTime>\n</InputModel>",
							"options": {
								"raw": {
									"language": "xml"
								}
							}
						},
						"url": {
							"raw": "{{server_address}}fast-delivery/v3.1.1/calculate-delivery.xml",
							"host": [
								"{{server_address}}fast-delivery"
							],
							"path": [
								"v3.1.1",
								"calculate-delivery.xml"
							]
						}
					},
					"response": []
				},
				{
					"name": "13",
					"request": {
						"method": "POST",
						"header": [],
						"body": {
							"mode": "raw",
							"raw": "<InputModel>\n    <productsCount>\"true\"</productsCount>\n    <productsWeight>5.1</productsWeight>\n    <deliveryTime>20</deliveryTime>\n</InputModel>",
							"options": {
								"raw": {
									"language": "xml"
								}
							}
						},
						"url": {
							"raw": "{{server_address}}fast-delivery/v3.1.1/calculate-delivery.xml",
							"host": [
								"{{server_address}}fast-delivery"
							],
							"path": [
								"v3.1.1",
								"calculate-delivery.xml"
							]
						}
					},
					"response": []
				},
				{
					"name": "14",
					"request": {
						"method": "POST",
						"header": [],
						"body": {
							"mode": "raw",
							"raw": "<InputModel>\n    <productsCount>\"5\"</productsCount>\n    <productsWeight>5.1</productsWeight>\n    <deliveryTime>20</deliveryTime>\n</InputModel>",
							"options": {
								"raw": {
									"language": "xml"
								}
							}
						},
						"url": {
							"raw": "{{server_address}}fast-delivery/v3.1.1/calculate-delivery.xml",
							"host": [
								"{{server_address}}fast-delivery"
							],
							"path": [
								"v3.1.1",
								"calculate-delivery.xml"
							]
						}
					},
					"response": []
				},
				{
					"name": "15",
					"request": {
						"method": "POST",
						"header": [],
						"body": {
							"mode": "raw",
							"raw": "<InputModel>\n    <productsCount> </productsCount>\n    <productsWeight>5.1</productsWeight>\n    <deliveryTime>20</deliveryTime>\n</InputModel>",
							"options": {
								"raw": {
									"language": "xml"
								}
							}
						},
						"url": {
							"raw": "{{server_address}}fast-delivery/v3.1.1/calculate-delivery.xml",
							"host": [
								"{{server_address}}fast-delivery"
							],
							"path": [
								"v3.1.1",
								"calculate-delivery.xml"
							]
						}
					},
					"response": []
				},
				{
					"name": "16",
					"request": {
						"method": "POST",
						"header": [],
						"body": {
							"mode": "raw",
							"raw": "<InputModel>\n    \n    <productsWeight>5.1</productsWeight>\n    <deliveryTime>20</deliveryTime>\n</InputModel>",
							"options": {
								"raw": {
									"language": "xml"
								}
							}
						},
						"url": {
							"raw": "{{server_address}}fast-delivery/v3.1.1/calculate-delivery.xml",
							"host": [
								"{{server_address}}fast-delivery"
							],
							"path": [
								"v3.1.1",
								"calculate-delivery.xml"
							]
						}
					},
					"response": []
				},
				{
					"name": "17",
					"request": {
						"method": "POST",
						"header": [],
						"body": {
							"mode": "raw",
							"raw": "<InputModel>\n    <productsCount>ty</productsCount>\n    <productsWeight>5.1</productsWeight>\n    <deliveryTime>20</deliveryTime>\n</InputModel>",
							"options": {
								"raw": {
									"language": "xml"
								}
							}
						},
						"url": {
							"raw": "{{server_address}}fast-delivery/v3.1.1/calculate-delivery.xml",
							"host": [
								"{{server_address}}fast-delivery"
							],
							"path": [
								"v3.1.1",
								"calculate-delivery.xml"
							]
						}
					},
					"response": []
				},
				{
					"name": "18",
					"request": {
						"method": "POST",
						"header": [],
						"body": {
							"mode": "raw",
							"raw": "<InputModel>\n    <productsCount>фа</productsCount>\n    <productsWeight>5.1</productsWeight>\n    <deliveryTime>20</deliveryTime>\n</InputModel>",
							"options": {
								"raw": {
									"language": "xml"
								}
							}
						},
						"url": {
							"raw": "{{server_address}}fast-delivery/v3.1.1/calculate-delivery.xml",
							"host": [
								"{{server_address}}fast-delivery"
							],
							"path": [
								"v3.1.1",
								"calculate-delivery.xml"
							]
						}
					},
					"response": []
				},
				{
					"name": "19",
					"request": {
						"method": "POST",
						"header": [],
						"body": {
							"mode": "raw",
							"raw": "<InputModel>\n    <productsCount>№!</productsCount>\n    <productsWeight>5.1</productsWeight>\n    <deliveryTime>20</deliveryTime>\n</InputModel>",
							"options": {
								"raw": {
									"language": "xml"
								}
							}
						},
						"url": {
							"raw": "{{server_address}}fast-delivery/v3.1.1/calculate-delivery.xml",
							"host": [
								"{{server_address}}fast-delivery"
							],
							"path": [
								"v3.1.1",
								"calculate-delivery.xml"
							]
						}
					},
					"response": []
				},
				{
					"name": "20",
					"request": {
						"method": "POST",
						"header": [],
						"body": {
							"mode": "raw",
							"raw": "<InputModel>\n    <productsCount>-9</productsCount>\n    <productsWeight>5.1</productsWeight>\n    <deliveryTime>20</deliveryTime>\n</InputModel>",
							"options": {
								"raw": {
									"language": "xml"
								}
							}
						},
						"url": {
							"raw": "{{server_address}}fast-delivery/v3.1.1/calculate-delivery.xml",
							"host": [
								"{{server_address}}fast-delivery"
							],
							"path": [
								"v3.1.1",
								"calculate-delivery.xml"
							]
						}
					},
					"response": []
				},
				{
					"name": "21",
					"request": {
						"method": "POST",
						"header": [],
						"body": {
							"mode": "raw",
							"raw": "<InputModel>\n    <productsCount> 9</productsCount>\n    <productsWeight>5.1</productsWeight>\n    <deliveryTime>20</deliveryTime>\n</InputModel>",
							"options": {
								"raw": {
									"language": "xml"
								}
							}
						},
						"url": {
							"raw": "{{server_address}}fast-delivery/v3.1.1/calculate-delivery.xml",
							"host": [
								"{{server_address}}fast-delivery"
							],
							"path": [
								"v3.1.1",
								"calculate-delivery.xml"
							]
						}
					},
					"response": []
				},
				{
					"name": "22",
					"request": {
						"method": "POST",
						"header": [],
						"body": {
							"mode": "raw",
							"raw": "<InputModel>\n    <productsCount>1 1</productsCount>\n    <productsWeight>5.1</productsWeight>\n    <deliveryTime>20</deliveryTime>\n</InputModel>",
							"options": {
								"raw": {
									"language": "xml"
								}
							}
						},
						"url": {
							"raw": "{{server_address}}fast-delivery/v3.1.1/calculate-delivery.xml",
							"host": [
								"{{server_address}}fast-delivery"
							],
							"path": [
								"v3.1.1",
								"calculate-delivery.xml"
							]
						}
					},
					"response": []
				},
				{
					"name": "23",
					"request": {
						"method": "POST",
						"header": [],
						"body": {
							"mode": "raw",
							"raw": "<InputModel>\n    <productsCount>9 </productsCount>\n    <productsWeight>5.1</productsWeight>\n    <deliveryTime>20</deliveryTime>\n</InputModel>",
							"options": {
								"raw": {
									"language": "xml"
								}
							}
						},
						"url": {
							"raw": "{{server_address}}fast-delivery/v3.1.1/calculate-delivery.xml",
							"host": [
								"{{server_address}}fast-delivery"
							],
							"path": [
								"v3.1.1",
								"calculate-delivery.xml"
							]
						}
					},
					"response": []
				},
				{
					"name": "24",
					"request": {
						"method": "POST",
						"header": [],
						"body": {
							"mode": "raw",
							"raw": "<InputModel>\n    <productsCount>9e+0</productsCount>\n    <productsWeight>5.1</productsWeight>\n    <deliveryTime>20</deliveryTime>\n</InputModel>",
							"options": {
								"raw": {
									"language": "xml"
								}
							}
						},
						"url": {
							"raw": "{{server_address}}fast-delivery/v3.1.1/calculate-delivery.xml",
							"host": [
								"{{server_address}}fast-delivery"
							],
							"path": [
								"v3.1.1",
								"calculate-delivery.xml"
							]
						}
					},
					"response": []
				},
				{
					"name": "25",
					"request": {
						"method": "POST",
						"header": [],
						"body": {
							"mode": "raw",
							"raw": "<InputModel>\n    <productsCount>9.5</productsCount>\n    <productsWeight>5.1</productsWeight>\n    <deliveryTime>20</deliveryTime>\n</InputModel>",
							"options": {
								"raw": {
									"language": "xml"
								}
							}
						},
						"url": {
							"raw": "{{server_address}}fast-delivery/v3.1.1/calculate-delivery.xml",
							"host": [
								"{{server_address}}fast-delivery"
							],
							"path": [
								"v3.1.1",
								"calculate-delivery.xml"
							]
						}
					},
					"response": []
				},
				{
					"name": "26",
					"request": {
						"method": "POST",
						"header": [],
						"body": {
							"mode": "raw",
							"raw": "<InputModel>\n    <productsCount>9,5</productsCount>\n    <productsWeight>5.1</productsWeight>\n    <deliveryTime>20</deliveryTime>\n</InputModel>",
							"options": {
								"raw": {
									"language": "xml"
								}
							}
						},
						"url": {
							"raw": "{{server_address}}fast-delivery/v3.1.1/calculate-delivery.xml",
							"host": [
								"{{server_address}}fast-delivery"
							],
							"path": [
								"v3.1.1",
								"calculate-delivery.xml"
							]
						}
					},
					"response": []
				},
				{
					"name": "27",
					"request": {
						"method": "POST",
						"header": [],
						"body": {
							"mode": "raw",
							"raw": "<InputModel>\n    <productsCount>9007199254740991</productsCount>\n    <productsWeight>5.1</productsWeight>\n    <deliveryTime>20</deliveryTime>\n</InputModel>",
							"options": {
								"raw": {
									"language": "xml"
								}
							}
						},
						"url": {
							"raw": "{{server_address}}fast-delivery/v3.1.1/calculate-delivery.xml",
							"host": [
								"{{server_address}}fast-delivery"
							],
							"path": [
								"v3.1.1",
								"calculate-delivery.xml"
							]
						}
					},
					"response": []
				},
				{
					"name": "28",
					"request": {
						"method": "POST",
						"header": [],
						"body": {
							"mode": "raw",
							"raw": "<InputModel>\n    <productsCount></productsCount>\n    <productsWeight>5.1</productsWeight>\n    <deliveryTime>20</deliveryTime>\n</InputModel>",
							"options": {
								"raw": {
									"language": "xml"
								}
							}
						},
						"url": {
							"raw": "{{server_address}}fast-delivery/v3.1.1/calculate-delivery.xml",
							"host": [
								"{{server_address}}fast-delivery"
							],
							"path": [
								"v3.1.1",
								"calculate-delivery.xml"
							]
						}
					},
					"response": []
				},
				{
					"name": "29",
					"request": {
						"method": "POST",
						"header": [],
						"body": {
							"mode": "raw",
							"raw": "<InputModel>\n    <productsCounts xsi:nil=\"true\"/>\n    <productsWeight>5.1</productsWeight>\n    <deliveryTime>20</deliveryTime>\n</InputModel>",
							"options": {
								"raw": {
									"language": "xml"
								}
							}
						},
						"url": {
							"raw": "{{server_address}}fast-delivery/v3.1.1/calculate-delivery.xml",
							"host": [
								"{{server_address}}fast-delivery"
							],
							"path": [
								"v3.1.1",
								"calculate-delivery.xml"
							]
						}
					},
					"response": []
				},
				{
					"name": "30",
					"request": {
						"method": "POST",
						"header": [],
						"body": {
							"mode": "raw",
							"raw": "<InputModel>\n    <productsCount>2</productsCount>\n    <productsWeight>0</productsWeight>\n    <deliveryTime>20</deliveryTime>\n</InputModel>",
							"options": {
								"raw": {
									"language": "xml"
								}
							}
						},
						"url": {
							"raw": "{{server_address}}fast-delivery/v3.1.1/calculate-delivery.xml",
							"host": [
								"{{server_address}}fast-delivery"
							],
							"path": [
								"v3.1.1",
								"calculate-delivery.xml"
							]
						}
					},
					"response": []
				},
				{
					"name": "31",
					"request": {
						"method": "POST",
						"header": [],
						"body": {
							"mode": "raw",
							"raw": "<InputModel>\n    <productsCount>2</productsCount>\n    <productsWeight>0.1</productsWeight>\n    <deliveryTime>20</deliveryTime>\n</InputModel>",
							"options": {
								"raw": {
									"language": "xml"
								}
							}
						},
						"url": {
							"raw": "{{server_address}}fast-delivery/v3.1.1/calculate-delivery.xml",
							"host": [
								"{{server_address}}fast-delivery"
							],
							"path": [
								"v3.1.1",
								"calculate-delivery.xml"
							]
						}
					},
					"response": []
				},
				{
					"name": "32",
					"request": {
						"method": "POST",
						"header": [],
						"body": {
							"mode": "raw",
							"raw": "<InputModel>\n    <productsCount>2</productsCount>\n    <productsWeight>1.5</productsWeight>\n    <deliveryTime>20</deliveryTime>\n</InputModel>",
							"options": {
								"raw": {
									"language": "xml"
								}
							}
						},
						"url": {
							"raw": "{{server_address}}fast-delivery/v3.1.1/calculate-delivery.xml",
							"host": [
								"{{server_address}}fast-delivery"
							],
							"path": [
								"v3.1.1",
								"calculate-delivery.xml"
							]
						}
					},
					"response": []
				},
				{
					"name": "33",
					"request": {
						"method": "POST",
						"header": [],
						"body": {
							"mode": "raw",
							"raw": "<InputModel>\n    <productsCount>2</productsCount>\n    <productsWeight>2.4</productsWeight>\n    <deliveryTime>20</deliveryTime>\n</InputModel>",
							"options": {
								"raw": {
									"language": "xml"
								}
							}
						},
						"url": {
							"raw": "{{server_address}}fast-delivery/v3.1.1/calculate-delivery.xml",
							"host": [
								"{{server_address}}fast-delivery"
							],
							"path": [
								"v3.1.1",
								"calculate-delivery.xml"
							]
						}
					},
					"response": []
				},
				{
					"name": "34",
					"request": {
						"method": "POST",
						"header": [],
						"body": {
							"mode": "raw",
							"raw": "<InputModel>\n    <productsCount>2</productsCount>\n    <productsWeight>2.5</productsWeight>\n    <deliveryTime>20</deliveryTime>\n</InputModel>",
							"options": {
								"raw": {
									"language": "xml"
								}
							}
						},
						"url": {
							"raw": "{{server_address}}fast-delivery/v3.1.1/calculate-delivery.xml",
							"host": [
								"{{server_address}}fast-delivery"
							],
							"path": [
								"v3.1.1",
								"calculate-delivery.xml"
							]
						}
					},
					"response": []
				},
				{
					"name": "35",
					"request": {
						"method": "POST",
						"header": [],
						"body": {
							"mode": "raw",
							"raw": "<InputModel>\n    <productsCount>2</productsCount>\n    <productsWeight>2.6</productsWeight>\n    <deliveryTime>20</deliveryTime>\n</InputModel>",
							"options": {
								"raw": {
									"language": "xml"
								}
							}
						},
						"url": {
							"raw": "{{server_address}}fast-delivery/v3.1.1/calculate-delivery.xml",
							"host": [
								"{{server_address}}fast-delivery"
							],
							"path": [
								"v3.1.1",
								"calculate-delivery.xml"
							]
						}
					},
					"response": []
				},
				{
					"name": "36",
					"request": {
						"method": "POST",
						"header": [],
						"body": {
							"mode": "raw",
							"raw": "<InputModel>\n    <productsCount>2</productsCount>\n    <productsWeight>2.7</productsWeight>\n    <deliveryTime>20</deliveryTime>\n</InputModel>",
							"options": {
								"raw": {
									"language": "xml"
								}
							}
						},
						"url": {
							"raw": "{{server_address}}fast-delivery/v3.1.1/calculate-delivery.xml",
							"host": [
								"{{server_address}}fast-delivery"
							],
							"path": [
								"v3.1.1",
								"calculate-delivery.xml"
							]
						}
					},
					"response": []
				},
				{
					"name": "37",
					"request": {
						"method": "POST",
						"header": [],
						"body": {
							"mode": "raw",
							"raw": "<InputModel>\n    <productsCount>2</productsCount>\n    <productsWeight>5.5</productsWeight>\n    <deliveryTime>20</deliveryTime>\n</InputModel>",
							"options": {
								"raw": {
									"language": "xml"
								}
							}
						},
						"url": {
							"raw": "{{server_address}}fast-delivery/v3.1.1/calculate-delivery.xml",
							"host": [
								"{{server_address}}fast-delivery"
							],
							"path": [
								"v3.1.1",
								"calculate-delivery.xml"
							]
						}
					},
					"response": []
				},
				{
					"name": "38",
					"request": {
						"method": "POST",
						"header": [],
						"body": {
							"mode": "raw",
							"raw": "<InputModel>\n    <productsCount>2</productsCount>\n    <productsWeight>5.9</productsWeight>\n    <deliveryTime>20</deliveryTime>\n</InputModel>",
							"options": {
								"raw": {
									"language": "xml"
								}
							}
						},
						"url": {
							"raw": "{{server_address}}fast-delivery/v3.1.1/calculate-delivery.xml",
							"host": [
								"{{server_address}}fast-delivery"
							],
							"path": [
								"v3.1.1",
								"calculate-delivery.xml"
							]
						}
					},
					"response": []
				},
				{
					"name": "39",
					"request": {
						"method": "POST",
						"header": [],
						"body": {
							"mode": "raw",
							"raw": "<InputModel>\n    <productsCount>2</productsCount>\n    <productsWeight>6</productsWeight>\n    <deliveryTime>20</deliveryTime>\n</InputModel>",
							"options": {
								"raw": {
									"language": "xml"
								}
							}
						},
						"url": {
							"raw": "{{server_address}}fast-delivery/v3.1.1/calculate-delivery.xml",
							"host": [
								"{{server_address}}fast-delivery"
							],
							"path": [
								"v3.1.1",
								"calculate-delivery.xml"
							]
						}
					},
					"response": []
				},
				{
					"name": "40",
					"request": {
						"method": "POST",
						"header": [],
						"body": {
							"mode": "raw",
							"raw": "<InputModel>\n    <productsCount>2</productsCount>\n    <productsWeight>6.1</productsWeight>\n    <deliveryTime>20</deliveryTime>\n</InputModel>",
							"options": {
								"raw": {
									"language": "xml"
								}
							}
						},
						"url": {
							"raw": "{{server_address}}fast-delivery/v3.1.1/calculate-delivery.xml",
							"host": [
								"{{server_address}}fast-delivery"
							],
							"path": [
								"v3.1.1",
								"calculate-delivery.xml"
							]
						}
					},
					"response": []
				},
				{
					"name": "41",
					"request": {
						"method": "POST",
						"header": [],
						"body": {
							"mode": "raw",
							"raw": "<InputModel>\n    <productsCount>2</productsCount>\n    <productsWeight>6.0</productsWeight>\n    <deliveryTime>20</deliveryTime>\n</InputModel>",
							"options": {
								"raw": {
									"language": "xml"
								}
							}
						},
						"url": {
							"raw": "{{server_address}}fast-delivery/v3.1.1/calculate-delivery.xml",
							"host": [
								"{{server_address}}fast-delivery"
							],
							"path": [
								"v3.1.1",
								"calculate-delivery.xml"
							]
						}
					},
					"response": []
				},
				{
					"name": "42",
					"request": {
						"method": "POST",
						"header": [],
						"body": {
							"mode": "raw",
							"raw": "<InputModel>\n    <productsCount>2</productsCount>\n    <productsWeight>7.5</productsWeight>\n    <deliveryTime>20</deliveryTime>\n</InputModel>",
							"options": {
								"raw": {
									"language": "xml"
								}
							}
						},
						"url": {
							"raw": "{{server_address}}fast-delivery/v3.1.1/calculate-delivery.xml",
							"host": [
								"{{server_address}}fast-delivery"
							],
							"path": [
								"v3.1.1",
								"calculate-delivery.xml"
							]
						}
					},
					"response": []
				},
				{
					"name": "43",
					"request": {
						"method": "POST",
						"header": [],
						"body": {
							"mode": "raw",
							"raw": "<InputModel>\n    <productsCount>2</productsCount>\n    <productsWeight>\"true\"</productsWeight>\n    <deliveryTime>20</deliveryTime>\n</InputModel>",
							"options": {
								"raw": {
									"language": "xml"
								}
							}
						},
						"url": {
							"raw": "{{server_address}}fast-delivery/v3.1.1/calculate-delivery.xml",
							"host": [
								"{{server_address}}fast-delivery"
							],
							"path": [
								"v3.1.1",
								"calculate-delivery.xml"
							]
						}
					},
					"response": []
				},
				{
					"name": "44",
					"request": {
						"method": "POST",
						"header": [],
						"body": {
							"mode": "raw",
							"raw": "<InputModel>\n    <productsCount>2</productsCount>\n    <productsWeight>\"5.1\"</productsWeight>\n    <deliveryTime>20</deliveryTime>\n</InputModel>",
							"options": {
								"raw": {
									"language": "xml"
								}
							}
						},
						"url": {
							"raw": "{{server_address}}fast-delivery/v3.1.1/calculate-delivery.xml",
							"host": [
								"{{server_address}}fast-delivery"
							],
							"path": [
								"v3.1.1",
								"calculate-delivery.xml"
							]
						}
					},
					"response": []
				},
				{
					"name": "45",
					"request": {
						"method": "POST",
						"header": [],
						"body": {
							"mode": "raw",
							"raw": "<InputModel>\n    <productsCount>2</productsCount>\n    <productsWeight> </productsWeight>\n    <deliveryTime>20</deliveryTime>\n</InputModel>",
							"options": {
								"raw": {
									"language": "xml"
								}
							}
						},
						"url": {
							"raw": "{{server_address}}fast-delivery/v3.1.1/calculate-delivery.xml",
							"host": [
								"{{server_address}}fast-delivery"
							],
							"path": [
								"v3.1.1",
								"calculate-delivery.xml"
							]
						}
					},
					"response": []
				},
				{
					"name": "46",
					"request": {
						"method": "POST",
						"header": [],
						"body": {
							"mode": "raw",
							"raw": "<InputModel>\n    <productsCount>2</productsCount>\n\n    <deliveryTime>20</deliveryTime>\n</InputModel>",
							"options": {
								"raw": {
									"language": "xml"
								}
							}
						},
						"url": {
							"raw": "{{server_address}}fast-delivery/v3.1.1/calculate-delivery.xml",
							"host": [
								"{{server_address}}fast-delivery"
							],
							"path": [
								"v3.1.1",
								"calculate-delivery.xml"
							]
						}
					},
					"response": []
				},
				{
					"name": "47",
					"request": {
						"method": "POST",
						"header": [],
						"body": {
							"mode": "raw",
							"raw": "<InputModel>\n    <productsCount>2</productsCount>\n    <productsWeight>ty</productsWeight>\n    <deliveryTime>20</deliveryTime>\n</InputModel>",
							"options": {
								"raw": {
									"language": "xml"
								}
							}
						},
						"url": {
							"raw": "{{server_address}}fast-delivery/v3.1.1/calculate-delivery.xml",
							"host": [
								"{{server_address}}fast-delivery"
							],
							"path": [
								"v3.1.1",
								"calculate-delivery.xml"
							]
						}
					},
					"response": []
				},
				{
					"name": "48",
					"request": {
						"method": "POST",
						"header": [],
						"body": {
							"mode": "raw",
							"raw": "<InputModel>\n    <productsCount>2</productsCount>\n    <productsWeight>фа</productsWeight>\n    <deliveryTime>20</deliveryTime>\n</InputModel>",
							"options": {
								"raw": {
									"language": "xml"
								}
							}
						},
						"url": {
							"raw": "{{server_address}}fast-delivery/v3.1.1/calculate-delivery.xml",
							"host": [
								"{{server_address}}fast-delivery"
							],
							"path": [
								"v3.1.1",
								"calculate-delivery.xml"
							]
						}
					},
					"response": []
				},
				{
					"name": "49",
					"request": {
						"method": "POST",
						"header": [],
						"body": {
							"mode": "raw",
							"raw": "<InputModel>\n    <productsCount>2</productsCount>\n    <productsWeight>№!</productsWeight>\n    <deliveryTime>20</deliveryTime>\n</InputModel>",
							"options": {
								"raw": {
									"language": "xml"
								}
							}
						},
						"url": {
							"raw": "{{server_address}}fast-delivery/v3.1.1/calculate-delivery.xml",
							"host": [
								"{{server_address}}fast-delivery"
							],
							"path": [
								"v3.1.1",
								"calculate-delivery.xml"
							]
						}
					},
					"response": []
				},
				{
					"name": "50",
					"request": {
						"method": "POST",
						"header": [],
						"body": {
							"mode": "raw",
							"raw": "<InputModel>\n    <productsCount>2</productsCount>\n    <productsWeight>-4.5</productsWeight>\n    <deliveryTime>20</deliveryTime>\n</InputModel>",
							"options": {
								"raw": {
									"language": "xml"
								}
							}
						},
						"url": {
							"raw": "{{server_address}}fast-delivery/v3.1.1/calculate-delivery.xml",
							"host": [
								"{{server_address}}fast-delivery"
							],
							"path": [
								"v3.1.1",
								"calculate-delivery.xml"
							]
						}
					},
					"response": []
				},
				{
					"name": "51",
					"request": {
						"method": "POST",
						"header": [],
						"body": {
							"mode": "raw",
							"raw": "<InputModel>\n    <productsCount>2</productsCount>\n    <productsWeight> 2.3</productsWeight>\n    <deliveryTime>20</deliveryTime>\n</InputModel>",
							"options": {
								"raw": {
									"language": "xml"
								}
							}
						},
						"url": {
							"raw": "{{server_address}}fast-delivery/v3.1.1/calculate-delivery.xml",
							"host": [
								"{{server_address}}fast-delivery"
							],
							"path": [
								"v3.1.1",
								"calculate-delivery.xml"
							]
						}
					},
					"response": []
				},
				{
					"name": "52",
					"request": {
						"method": "POST",
						"header": [],
						"body": {
							"mode": "raw",
							"raw": "<InputModel>\n    <productsCount>2</productsCount>\n    <productsWeight>5. 1</productsWeight>\n    <deliveryTime>20</deliveryTime>\n</InputModel>",
							"options": {
								"raw": {
									"language": "xml"
								}
							}
						},
						"url": {
							"raw": "{{server_address}}fast-delivery/v3.1.1/calculate-delivery.xml",
							"host": [
								"{{server_address}}fast-delivery"
							],
							"path": [
								"v3.1.1",
								"calculate-delivery.xml"
							]
						}
					},
					"response": []
				},
				{
					"name": "53",
					"request": {
						"method": "POST",
						"header": [],
						"body": {
							"mode": "raw",
							"raw": "<InputModel>\n    <productsCount>2</productsCount>\n    <productsWeight>5.1 </productsWeight>\n    <deliveryTime>20</deliveryTime>\n</InputModel>",
							"options": {
								"raw": {
									"language": "xml"
								}
							}
						},
						"url": {
							"raw": "{{server_address}}fast-delivery/v3.1.1/calculate-delivery.xml",
							"host": [
								"{{server_address}}fast-delivery"
							],
							"path": [
								"v3.1.1",
								"calculate-delivery.xml"
							]
						}
					},
					"response": []
				},
				{
					"name": "54",
					"request": {
						"method": "POST",
						"header": [],
						"body": {
							"mode": "raw",
							"raw": "<InputModel>\n    <productsCount>2</productsCount>\n    <productsWeight>5e+0</productsWeight>\n    <deliveryTime>20</deliveryTime>\n</InputModel>",
							"options": {
								"raw": {
									"language": "xml"
								}
							}
						},
						"url": {
							"raw": "{{server_address}}fast-delivery/v3.1.1/calculate-delivery.xml",
							"host": [
								"{{server_address}}fast-delivery"
							],
							"path": [
								"v3.1.1",
								"calculate-delivery.xml"
							]
						}
					},
					"response": []
				},
				{
					"name": "55",
					"request": {
						"method": "POST",
						"header": [],
						"body": {
							"mode": "raw",
							"raw": "<InputModel>\n    <productsCount>2</productsCount>\n    <productsWeight>5,1</productsWeight>\n    <deliveryTime>20</deliveryTime>\n</InputModel>",
							"options": {
								"raw": {
									"language": "xml"
								}
							}
						},
						"url": {
							"raw": "{{server_address}}fast-delivery/v3.1.1/calculate-delivery.xml",
							"host": [
								"{{server_address}}fast-delivery"
							],
							"path": [
								"v3.1.1",
								"calculate-delivery.xml"
							]
						}
					},
					"response": []
				},
				{
					"name": "56",
					"request": {
						"method": "POST",
						"header": [],
						"body": {
							"mode": "raw",
							"raw": "<InputModel>\n    <productsCount>2</productsCount>\n    <productsWeight>9007199254740991</productsWeight>\n    <deliveryTime>20</deliveryTime>\n</InputModel>",
							"options": {
								"raw": {
									"language": "xml"
								}
							}
						},
						"url": {
							"raw": "{{server_address}}fast-delivery/v3.1.1/calculate-delivery.xml",
							"host": [
								"{{server_address}}fast-delivery"
							],
							"path": [
								"v3.1.1",
								"calculate-delivery.xml"
							]
						}
					},
					"response": []
				},
				{
					"name": "57",
					"request": {
						"method": "POST",
						"header": [],
						"body": {
							"mode": "raw",
							"raw": "<InputModel>\n    <productsCount>2</productsCount>\n    <productsWeight></productsWeight>\n    <deliveryTime>20</deliveryTime>\n</InputModel>",
							"options": {
								"raw": {
									"language": "xml"
								}
							}
						},
						"url": {
							"raw": "{{server_address}}fast-delivery/v3.1.1/calculate-delivery.xml",
							"host": [
								"{{server_address}}fast-delivery"
							],
							"path": [
								"v3.1.1",
								"calculate-delivery.xml"
							]
						}
					},
					"response": []
				},
				{
					"name": "58",
					"request": {
						"method": "POST",
						"header": [],
						"body": {
							"mode": "raw",
							"raw": "<InputModel>\n    <productsCount>2</productsCount>\n    <productsWeight xsi:nil=\"true\"/>\n    <deliveryTime>20</deliveryTime>\n</InputModel>",
							"options": {
								"raw": {
									"language": "xml"
								}
							}
						},
						"url": {
							"raw": "{{server_address}}fast-delivery/v3.1.1/calculate-delivery.xml",
							"host": [
								"{{server_address}}fast-delivery"
							],
							"path": [
								"v3.1.1",
								"calculate-delivery.xml"
							]
						}
					},
					"response": []
				},
				{
					"name": "59",
					"request": {
						"method": "POST",
						"header": [],
						"body": {
							"mode": "raw",
							"raw": "<InputModel>\n    <productsCount>2</productsCount>\n    <productsWeight>5.5</productsWeight>\n    <deliveryTime>06</deliveryTime>\n</InputModel>",
							"options": {
								"raw": {
									"language": "xml"
								}
							}
						},
						"url": {
							"raw": "{{server_address}}fast-delivery/v3.1.1/calculate-delivery.xml",
							"host": [
								"{{server_address}}fast-delivery"
							],
							"path": [
								"v3.1.1",
								"calculate-delivery.xml"
							]
						}
					},
					"response": []
				},
				{
					"name": "60",
					"request": {
						"method": "POST",
						"header": [],
						"body": {
							"mode": "raw",
							"raw": "<InputModel>\n    <productsCount>2</productsCount>\n    <productsWeight>5.5</productsWeight>\n    <deliveryTime>7</deliveryTime>\n</InputModel>",
							"options": {
								"raw": {
									"language": "xml"
								}
							}
						},
						"url": {
							"raw": "{{server_address}}fast-delivery/v3.1.1/calculate-delivery.xml",
							"host": [
								"{{server_address}}fast-delivery"
							],
							"path": [
								"v3.1.1",
								"calculate-delivery.xml"
							]
						}
					},
					"response": []
				},
				{
					"name": "61",
					"request": {
						"method": "POST",
						"header": [],
						"body": {
							"mode": "raw",
							"raw": "<InputModel>\n    <productsCount>2</productsCount>\n    <productsWeight>5.5</productsWeight>\n    <deliveryTime>07</deliveryTime>\n</InputModel>",
							"options": {
								"raw": {
									"language": "xml"
								}
							}
						},
						"url": {
							"raw": "{{server_address}}fast-delivery/v3.1.1/calculate-delivery.xml",
							"host": [
								"{{server_address}}fast-delivery"
							],
							"path": [
								"v3.1.1",
								"calculate-delivery.xml"
							]
						}
					},
					"response": []
				},
				{
					"name": "62",
					"request": {
						"method": "POST",
						"header": [],
						"body": {
							"mode": "raw",
							"raw": "<InputModel>\n    <productsCount>2</productsCount>\n    <productsWeight>5.5</productsWeight>\n    <deliveryTime>08</deliveryTime>\n</InputModel>",
							"options": {
								"raw": {
									"language": "xml"
								}
							}
						},
						"url": {
							"raw": "{{server_address}}fast-delivery/v3.1.1/calculate-delivery.xml",
							"host": [
								"{{server_address}}fast-delivery"
							],
							"path": [
								"v3.1.1",
								"calculate-delivery.xml"
							]
						}
					},
					"response": []
				},
				{
					"name": "63",
					"request": {
						"method": "POST",
						"header": [],
						"body": {
							"mode": "raw",
							"raw": "<InputModel>\n    <productsCount>2</productsCount>\n    <productsWeight>5.5</productsWeight>\n    <deliveryTime>13</deliveryTime>\n</InputModel>",
							"options": {
								"raw": {
									"language": "xml"
								}
							}
						},
						"url": {
							"raw": "{{server_address}}fast-delivery/v3.1.1/calculate-delivery.xml",
							"host": [
								"{{server_address}}fast-delivery"
							],
							"path": [
								"v3.1.1",
								"calculate-delivery.xml"
							]
						}
					},
					"response": []
				},
				{
					"name": "64",
					"request": {
						"method": "POST",
						"header": [],
						"body": {
							"mode": "raw",
							"raw": "<InputModel>\n    <productsCount>2</productsCount>\n    <productsWeight>5.5</productsWeight>\n    <deliveryTime>20</deliveryTime>\n</InputModel>",
							"options": {
								"raw": {
									"language": "xml"
								}
							}
						},
						"url": {
							"raw": "{{server_address}}fast-delivery/v3.1.1/calculate-delivery.xml",
							"host": [
								"{{server_address}}fast-delivery"
							],
							"path": [
								"v3.1.1",
								"calculate-delivery.xml"
							]
						}
					},
					"response": []
				},
				{
					"name": "65",
					"request": {
						"method": "POST",
						"header": [],
						"body": {
							"mode": "raw",
							"raw": "<InputModel>\n    <productsCount>2</productsCount>\n    <productsWeight>5.5</productsWeight>\n    <deliveryTime>21</deliveryTime>\n</InputModel>",
							"options": {
								"raw": {
									"language": "xml"
								}
							}
						},
						"url": {
							"raw": "{{server_address}}fast-delivery/v3.1.1/calculate-delivery.xml",
							"host": [
								"{{server_address}}fast-delivery"
							],
							"path": [
								"v3.1.1",
								"calculate-delivery.xml"
							]
						}
					},
					"response": []
				},
				{
					"name": "66",
					"request": {
						"method": "POST",
						"header": [],
						"body": {
							"mode": "raw",
							"raw": "<InputModel>\n    <productsCount>2</productsCount>\n    <productsWeight>5.5</productsWeight>\n    <deliveryTime>22</deliveryTime>\n</InputModel>",
							"options": {
								"raw": {
									"language": "xml"
								}
							}
						},
						"url": {
							"raw": "{{server_address}}fast-delivery/v3.1.1/calculate-delivery.xml",
							"host": [
								"{{server_address}}fast-delivery"
							],
							"path": [
								"v3.1.1",
								"calculate-delivery.xml"
							]
						}
					},
					"response": []
				},
				{
					"name": "67",
					"request": {
						"method": "POST",
						"header": [],
						"body": {
							"mode": "raw",
							"raw": "<InputModel>\n    <productsCount>2</productsCount>\n    <productsWeight>5.5</productsWeight>\n    <deliveryTime>23</deliveryTime>\n</InputModel>",
							"options": {
								"raw": {
									"language": "xml"
								}
							}
						},
						"url": {
							"raw": "{{server_address}}fast-delivery/v3.1.1/calculate-delivery.xml",
							"host": [
								"{{server_address}}fast-delivery"
							],
							"path": [
								"v3.1.1",
								"calculate-delivery.xml"
							]
						}
					},
					"response": []
				},
				{
					"name": "68",
					"request": {
						"method": "POST",
						"header": [],
						"body": {
							"mode": "raw",
							"raw": "<InputModel>\n    <productsCount>2</productsCount>\n    <productsWeight>5.5</productsWeight>\n    <deliveryTime>00</deliveryTime>\n</InputModel>",
							"options": {
								"raw": {
									"language": "xml"
								}
							}
						},
						"url": {
							"raw": "{{server_address}}fast-delivery/v3.1.1/calculate-delivery.xml",
							"host": [
								"{{server_address}}fast-delivery"
							],
							"path": [
								"v3.1.1",
								"calculate-delivery.xml"
							]
						}
					},
					"response": []
				},
				{
					"name": "69",
					"request": {
						"method": "POST",
						"header": [],
						"body": {
							"mode": "raw",
							"raw": "<InputModel>\n    <productsCount>2</productsCount>\n    <productsWeight>5.5</productsWeight>\n    <deliveryTime>0</deliveryTime>\n</InputModel>",
							"options": {
								"raw": {
									"language": "xml"
								}
							}
						},
						"url": {
							"raw": "{{server_address}}fast-delivery/v3.1.1/calculate-delivery.xml",
							"host": [
								"{{server_address}}fast-delivery"
							],
							"path": [
								"v3.1.1",
								"calculate-delivery.xml"
							]
						}
					},
					"response": []
				},
				{
					"name": "70",
					"request": {
						"method": "POST",
						"header": [],
						"body": {
							"mode": "raw",
							"raw": "<InputModel>\n    <productsCount>2</productsCount>\n    <productsWeight>5.5</productsWeight>\n    <deliveryTime>\"true\"</deliveryTime>\n</InputModel>",
							"options": {
								"raw": {
									"language": "xml"
								}
							}
						},
						"url": {
							"raw": "{{server_address}}fast-delivery/v3.1.1/calculate-delivery.xml",
							"host": [
								"{{server_address}}fast-delivery"
							],
							"path": [
								"v3.1.1",
								"calculate-delivery.xml"
							]
						}
					},
					"response": []
				},
				{
					"name": "71",
					"request": {
						"method": "POST",
						"header": [],
						"body": {
							"mode": "raw",
							"raw": "<InputModel>\n    <productsCount>2</productsCount>\n    <productsWeight>5.5</productsWeight>\n    <deliveryTime>\"20\"</deliveryTime>\n</InputModel>",
							"options": {
								"raw": {
									"language": "xml"
								}
							}
						},
						"url": {
							"raw": "{{server_address}}fast-delivery/v3.1.1/calculate-delivery.xml",
							"host": [
								"{{server_address}}fast-delivery"
							],
							"path": [
								"v3.1.1",
								"calculate-delivery.xml"
							]
						}
					},
					"response": []
				},
				{
					"name": "72",
					"request": {
						"method": "POST",
						"header": [],
						"body": {
							"mode": "raw",
							"raw": "<InputModel>\n    <productsCount>2</productsCount>\n    <productsWeight>5.5</productsWeight>\n    <deliveryTime> </deliveryTime>\n</InputModel>",
							"options": {
								"raw": {
									"language": "xml"
								}
							}
						},
						"url": {
							"raw": "{{server_address}}fast-delivery/v3.1.1/calculate-delivery.xml",
							"host": [
								"{{server_address}}fast-delivery"
							],
							"path": [
								"v3.1.1",
								"calculate-delivery.xml"
							]
						}
					},
					"response": []
				},
				{
					"name": "73",
					"request": {
						"method": "POST",
						"header": [],
						"body": {
							"mode": "raw",
							"raw": "<InputModel>\n    <productsCount>2</productsCount>\n    <productsWeight>5.5</productsWeight>\n    \n</InputModel>",
							"options": {
								"raw": {
									"language": "xml"
								}
							}
						},
						"url": {
							"raw": "{{server_address}}fast-delivery/v3.1.1/calculate-delivery.xml",
							"host": [
								"{{server_address}}fast-delivery"
							],
							"path": [
								"v3.1.1",
								"calculate-delivery.xml"
							]
						}
					},
					"response": []
				},
				{
					"name": "74",
					"request": {
						"method": "POST",
						"header": [],
						"body": {
							"mode": "raw",
							"raw": "<InputModel>\n    <productsCount>2</productsCount>\n    <productsWeight>5.5</productsWeight>\n    <deliveryTime>ty</deliveryTime>\n</InputModel>",
							"options": {
								"raw": {
									"language": "xml"
								}
							}
						},
						"url": {
							"raw": "{{server_address}}fast-delivery/v3.1.1/calculate-delivery.xml",
							"host": [
								"{{server_address}}fast-delivery"
							],
							"path": [
								"v3.1.1",
								"calculate-delivery.xml"
							]
						}
					},
					"response": []
				},
				{
					"name": "75",
					"request": {
						"method": "POST",
						"header": [],
						"body": {
							"mode": "raw",
							"raw": "<InputModel>\n    <productsCount>2</productsCount>\n    <productsWeight>5.5</productsWeight>\n    <deliveryTime>фа</deliveryTime>\n</InputModel>",
							"options": {
								"raw": {
									"language": "xml"
								}
							}
						},
						"url": {
							"raw": "{{server_address}}fast-delivery/v3.1.1/calculate-delivery.xml",
							"host": [
								"{{server_address}}fast-delivery"
							],
							"path": [
								"v3.1.1",
								"calculate-delivery.xml"
							]
						}
					},
					"response": []
				},
				{
					"name": "76",
					"request": {
						"method": "POST",
						"header": [],
						"body": {
							"mode": "raw",
							"raw": "<InputModel>\n    <productsCount>2</productsCount>\n    <productsWeight>5.5</productsWeight>\n    <deliveryTime>№!</deliveryTime>\n</InputModel>",
							"options": {
								"raw": {
									"language": "xml"
								}
							}
						},
						"url": {
							"raw": "{{server_address}}fast-delivery/v3.1.1/calculate-delivery.xml",
							"host": [
								"{{server_address}}fast-delivery"
							],
							"path": [
								"v3.1.1",
								"calculate-delivery.xml"
							]
						}
					},
					"response": []
				},
				{
					"name": "77",
					"request": {
						"method": "POST",
						"header": [],
						"body": {
							"mode": "raw",
							"raw": "<InputModel>\n    <productsCount>2</productsCount>\n    <productsWeight>5.5</productsWeight>\n    <deliveryTime>-20</deliveryTime>\n</InputModel>",
							"options": {
								"raw": {
									"language": "xml"
								}
							}
						},
						"url": {
							"raw": "{{server_address}}fast-delivery/v3.1.1/calculate-delivery.xml",
							"host": [
								"{{server_address}}fast-delivery"
							],
							"path": [
								"v3.1.1",
								"calculate-delivery.xml"
							]
						}
					},
					"response": []
				},
				{
					"name": "78",
					"request": {
						"method": "POST",
						"header": [],
						"body": {
							"mode": "raw",
							"raw": "<InputModel>\n    <productsCount>2</productsCount>\n    <productsWeight>5.5</productsWeight>\n    <deliveryTime> 20</deliveryTime>\n</InputModel>",
							"options": {
								"raw": {
									"language": "xml"
								}
							}
						},
						"url": {
							"raw": "{{server_address}}fast-delivery/v3.1.1/calculate-delivery.xml",
							"host": [
								"{{server_address}}fast-delivery"
							],
							"path": [
								"v3.1.1",
								"calculate-delivery.xml"
							]
						}
					},
					"response": []
				},
				{
					"name": "79",
					"request": {
						"method": "POST",
						"header": [],
						"body": {
							"mode": "raw",
							"raw": "<InputModel>\n    <productsCount>2</productsCount>\n    <productsWeight>5.5</productsWeight>\n    <deliveryTime>2 0</deliveryTime>\n</InputModel>",
							"options": {
								"raw": {
									"language": "xml"
								}
							}
						},
						"url": {
							"raw": "{{server_address}}fast-delivery/v3.1.1/calculate-delivery.xml",
							"host": [
								"{{server_address}}fast-delivery"
							],
							"path": [
								"v3.1.1",
								"calculate-delivery.xml"
							]
						}
					},
					"response": []
				},
				{
					"name": "80",
					"request": {
						"method": "POST",
						"header": [],
						"body": {
							"mode": "raw",
							"raw": "<InputModel>\n    <productsCount>2</productsCount>\n    <productsWeight>5.5</productsWeight>\n    <deliveryTime>20 </deliveryTime>\n</InputModel>",
							"options": {
								"raw": {
									"language": "xml"
								}
							}
						},
						"url": {
							"raw": "{{server_address}}fast-delivery/v3.1.1/calculate-delivery.xml",
							"host": [
								"{{server_address}}fast-delivery"
							],
							"path": [
								"v3.1.1",
								"calculate-delivery.xml"
							]
						}
					},
					"response": []
				},
				{
					"name": "81",
					"request": {
						"method": "POST",
						"header": [],
						"body": {
							"mode": "raw",
							"raw": "<InputModel>\n    <productsCount>5</productsCount>\n    <productsWeight>5.1</productsWeight>\n    <deliveryTime>19e+0</deliveryTime>\n</InputModel>",
							"options": {
								"raw": {
									"language": "xml"
								}
							}
						},
						"url": {
							"raw": "{{server_address}}fast-delivery/v3.1.1/calculate-delivery.xml",
							"host": [
								"{{server_address}}fast-delivery"
							],
							"path": [
								"v3.1.1",
								"calculate-delivery.xml"
							]
						}
					},
					"response": []
				},
				{
					"name": "82",
					"request": {
						"method": "POST",
						"header": [],
						"body": {
							"mode": "raw",
							"raw": "<InputModel>\n    <productsCount>5</productsCount>\n    <productsWeight>5.1</productsWeight>\n    <deliveryTime>19.5</deliveryTime>\n</InputModel>",
							"options": {
								"raw": {
									"language": "xml"
								}
							}
						},
						"url": {
							"raw": "{{server_address}}fast-delivery/v3.1.1/calculate-delivery.xml",
							"host": [
								"{{server_address}}fast-delivery"
							],
							"path": [
								"v3.1.1",
								"calculate-delivery.xml"
							]
						}
					},
					"response": []
				},
				{
					"name": "83",
					"request": {
						"method": "POST",
						"header": [],
						"body": {
							"mode": "raw",
							"raw": "<InputModel>\n    <productsCount>5</productsCount>\n    <productsWeight>5.1</productsWeight>\n    <deliveryTime>15,5</deliveryTime>\n</InputModel>",
							"options": {
								"raw": {
									"language": "xml"
								}
							}
						},
						"url": {
							"raw": "{{server_address}}fast-delivery/v3.1.1/calculate-delivery.xml",
							"host": [
								"{{server_address}}fast-delivery"
							],
							"path": [
								"v3.1.1",
								"calculate-delivery.xml"
							]
						}
					},
					"response": []
				},
				{
					"name": "84",
					"request": {
						"method": "POST",
						"header": [],
						"body": {
							"mode": "raw",
							"raw": "<InputModel>\n    <productsCount>5</productsCount>\n    <productsWeight>5.1</productsWeight>\n    <deliveryTime>9007199254740991</deliveryTime>\n</InputModel>",
							"options": {
								"raw": {
									"language": "xml"
								}
							}
						},
						"url": {
							"raw": "{{server_address}}fast-delivery/v3.1.1/calculate-delivery.xml",
							"host": [
								"{{server_address}}fast-delivery"
							],
							"path": [
								"v3.1.1",
								"calculate-delivery.xml"
							]
						}
					},
					"response": []
				},
				{
					"name": "85",
					"request": {
						"method": "POST",
						"header": [],
						"body": {
							"mode": "raw",
							"raw": "<InputModel>\n    <productsCount>5</productsCount>\n    <productsWeight>5.1</productsWeight>\n    <deliveryTime></deliveryTime>\n</InputModel>",
							"options": {
								"raw": {
									"language": "xml"
								}
							}
						},
						"url": {
							"raw": "{{server_address}}fast-delivery/v3.1.1/calculate-delivery.xml",
							"host": [
								"{{server_address}}fast-delivery"
							],
							"path": [
								"v3.1.1",
								"calculate-delivery.xml"
							]
						}
					},
					"response": []
				},
				{
					"name": "86",
					"request": {
						"method": "POST",
						"header": [],
						"body": {
							"mode": "raw",
							"raw": "<InputModel>\n    <productsCount>5</productsCount>\n    <productsWeight>5.1</productsWeight>\n    <deliveryTime></deliveryTime>\n</InputModel>",
							"options": {
								"raw": {
									"language": "xml"
								}
							}
						},
						"url": {
							"raw": "{{server_address}}fast-delivery/v3.1.1/calculate-delivery.xml",
							"host": [
								"{{server_address}}fast-delivery"
							],
							"path": [
								"v3.1.1",
								"calculate-delivery.xml"
							]
						}
					},
					"response": []
				},
				{
					"name": "87",
					"request": {
						"method": "POST",
						"header": [],
						"body": {
							"mode": "raw",
							"raw": "\n    <productsCount>5</productsCount>\n    <productsWeight>5.1</productsWeight>\n    <deliveryTime>10</deliveryTime>\n",
							"options": {
								"raw": {
									"language": "xml"
								}
							}
						},
						"url": {
							"raw": "{{server_address}}fast-delivery/v3.1.1/calculate-delivery.xml",
							"host": [
								"{{server_address}}fast-delivery"
							],
							"path": [
								"v3.1.1",
								"calculate-delivery.xml"
							]
						}
					},
					"response": []
				},
				{
					"name": "88",
					"request": {
						"method": "POST",
						"header": [],
						"body": {
							"mode": "raw",
							"raw": "<InputModel>\n    <productsCount>5</productsCount>\n    <productsWeight>5.1</productsWeight>\n      <deliveryTime xsi:nil=\"true\"/>\n</InputModel>",
							"options": {
								"raw": {
									"language": "xml"
								}
							}
						},
						"url": {
							"raw": "{{server_address}}fast-delivery/v3.1.1/calculate-delivery.xml",
							"host": [
								"{{server_address}}fast-delivery"
							],
							"path": [
								"v3.1.1",
								"calculate-delivery.xml"
							]
						}
					},
					"response": []
				}
			],
			"description": "POST /fast-delivery/v3.1.1/calculate-delivery.xml"
		},
		{
			"name": "GET Работа с корзиной: возможность получить список продуктов, которые добавили в корзину",
			"item": [
				{
					"name": "СОЗДАНИЕ НУЖНОЙ КОРЗИНЫ",
					"request": {
						"method": "POST",
						"header": [],
						"body": {
							"mode": "raw",
							"raw": "{\n    \"productsList\": [\n        {\n            \"id\": 4,\n            \"quantity\": 1\n        }\n    ]\n}",
							"options": {
								"raw": {
									"language": "json"
								}
							}
						},
						"url": {
							"raw": "{{server_address}}api/v1/orders",
							"host": [
								"{{server_address}}api"
							],
							"path": [
								"v1",
								"orders"
							]
						}
					},
					"response": []
				},
				{
					"name": "89",
					"request": {
						"method": "GET",
						"header": [],
						"url": {
							"raw": "{{server_address}}api/v1/orders/2",
							"host": [
								"{{server_address}}api"
							],
							"path": [
								"v1",
								"orders",
								"2"
							]
						}
					},
					"response": []
				},
				{
					"name": "90",
					"request": {
						"method": "GET",
						"header": [],
						"url": {
							"raw": "{{server_address}}api/v1/orders/999",
							"host": [
								"{{server_address}}api"
							],
							"path": [
								"v1",
								"orders",
								"999"
							]
						}
					},
					"response": []
				},
				{
					"name": "91",
					"request": {
						"method": "GET",
						"header": [],
						"url": {
							"raw": "{{server_address}}api/db/resources/order_model.csv",
							"host": [
								"{{server_address}}api"
							],
							"path": [
								"db",
								"resources",
								"order_model.csv"
							]
						}
					},
					"response": []
				},
				{
					"name": "92",
					"request": {
						"method": "GET",
						"header": [],
						"url": {
							"raw": "{{server_address}}api/v1/orders/qw",
							"host": [
								"{{server_address}}api"
							],
							"path": [
								"v1",
								"orders",
								"qw"
							]
						}
					},
					"response": []
				},
				{
					"name": "93",
					"request": {
						"method": "GET",
						"header": [],
						"url": {
							"raw": "{{server_address}}api/v1/orders/фа",
							"host": [
								"{{server_address}}api"
							],
							"path": [
								"v1",
								"orders",
								"фа"
							]
						}
					},
					"response": []
				},
				{
					"name": "94",
					"request": {
						"method": "GET",
						"header": [],
						"url": {
							"raw": "{{server_address}}api/v1/orders/\"\"",
							"host": [
								"{{server_address}}api"
							],
							"path": [
								"v1",
								"orders",
								"\"\""
							]
						}
					},
					"response": []
				},
				{
					"name": "95",
					"request": {
						"method": "GET",
						"header": [],
						"url": {
							"raw": "{{server_address}}api/v1/orders/4.5",
							"host": [
								"{{server_address}}api"
							],
							"path": [
								"v1",
								"orders",
								"4.5"
							]
						}
					},
					"response": []
				},
				{
					"name": "96",
					"request": {
						"method": "GET",
						"header": [],
						"url": {
							"raw": "{{server_address}}api/v1/orders/4,5",
							"host": [
								"{{server_address}}api"
							],
							"path": [
								"v1",
								"orders",
								"4,5"
							]
						}
					},
					"response": []
				},
				{
					"name": "97",
					"request": {
						"method": "GET",
						"header": [],
						"url": {
							"raw": "{{server_address}}api/v1/orders/\"false\"",
							"host": [
								"{{server_address}}api"
							],
							"path": [
								"v1",
								"orders",
								"\"false\""
							]
						}
					},
					"response": []
				},
				{
					"name": "98",
					"request": {
						"method": "GET",
						"header": [],
						"url": {
							"raw": "{{server_address}}api/v1/orders/ 5",
							"host": [
								"{{server_address}}api"
							],
							"path": [
								"v1",
								"orders",
								" 5"
							]
						}
					},
					"response": []
				},
				{
					"name": "99",
					"request": {
						"method": "GET",
						"header": [],
						"url": {
							"raw": "{{server_address}}api/v1/orders/5 /",
							"host": [
								"{{server_address}}api"
							],
							"path": [
								"v1",
								"orders",
								"5 ",
								""
							]
						}
					},
					"response": []
				},
				{
					"name": "100",
					"request": {
						"method": "GET",
						"header": [],
						"url": {
							"raw": "{{server_address}}api/v1/orders/-1",
							"host": [
								"{{server_address}}api"
							],
							"path": [
								"v1",
								"orders",
								"-1"
							]
						}
					},
					"response": []
				},
				{
					"name": "101",
					"request": {
						"method": "GET",
						"header": [],
						"url": {
							"raw": "{{server_address}}api/v1/orders/№;",
							"host": [
								"{{server_address}}api"
							],
							"path": [
								"v1",
								"orders",
								"№;"
							]
						}
					},
					"response": []
				},
				{
					"name": "102",
					"request": {
						"method": "GET",
						"header": [],
						"url": {
							"raw": "{{server_address}}api/v1/orders/null",
							"host": [
								"{{server_address}}api"
							],
							"path": [
								"v1",
								"orders",
								"null"
							]
						}
					},
					"response": []
				}
			],
			"description": "GET /api/v1/orders/:id"
		},
		{
			"name": "DELETE Работа с корзиной: возможность удалять корзину",
			"item": [
				{
					"name": "103",
					"request": {
						"method": "DELETE",
						"header": [],
						"url": {
							"raw": "{{server_address}}api/v1/orders/1",
							"host": [
								"{{server_address}}api"
							],
							"path": [
								"v1",
								"orders",
								"1"
							]
						}
					},
					"response": []
				},
				{
					"name": "104",
					"request": {
						"method": "GET",
						"header": [],
						"url": {
							"raw": "{{server_address}}api/db/resources/order_model.csv",
							"host": [
								"{{server_address}}api"
							],
							"path": [
								"db",
								"resources",
								"order_model.csv"
							]
						}
					},
					"response": []
				},
				{
					"name": "105",
					"request": {
						"method": "DELETE",
						"header": [],
						"url": {
							"raw": "{{server_address}}api/v1/orders/999",
							"host": [
								"{{server_address}}api"
							],
							"path": [
								"v1",
								"orders",
								"999"
							]
						}
					},
					"response": []
				}
			],
			"description": "DELETE /api/v1/orders/:id"
		},
		{
			"name": "PUT Работа с корзиной: возможность добавлять продукты в корзину",
			"item": [
				{
					"name": "117",
					"request": {
						"method": "PUT",
						"header": [],
						"body": {
							"mode": "raw",
							"raw": "{\"productsList\": [   { \"id\": 4,  \"quantity\": 1 } ]}",
							"options": {
								"raw": {
									"language": "json"
								}
							}
						},
						"url": {
							"raw": "{{server_address}}api/v1/orders/1",
							"host": [
								"{{server_address}}api"
							],
							"path": [
								"v1",
								"orders",
								"1"
							]
						}
					},
					"response": []
				},
				{
					"name": "118",
					"request": {
						"method": "PUT",
						"header": [],
						"body": {
							"mode": "raw",
							"raw": "{\"productsList\": [  { \"id\": 4,  \"quantity\": 1 } ]}",
							"options": {
								"raw": {
									"language": "json"
								}
							}
						},
						"url": {
							"raw": "{{server_address}}api/v1/orders/999",
							"host": [
								"{{server_address}}api"
							],
							"path": [
								"v1",
								"orders",
								"999"
							]
						}
					},
					"response": []
				},
				{
					"name": "119",
					"request": {
						"method": "PUT",
						"header": [],
						"body": {
							"mode": "raw",
							"raw": "{\"productsList\": [ { \"id\": 4,  \"quantity\": 1 } ]}",
							"options": {
								"raw": {
									"language": "json"
								}
							}
						},
						"url": {
							"raw": "{{server_address}}api/v1/orders/qw",
							"host": [
								"{{server_address}}api"
							],
							"path": [
								"v1",
								"orders",
								"qw"
							]
						}
					},
					"response": []
				},
				{
					"name": "120",
					"request": {
						"method": "PUT",
						"header": [],
						"body": {
							"mode": "raw",
							"raw": "{\"productsList\": [ { \"id\": 4,  \"quantity\": 1 } ]}",
							"options": {
								"raw": {
									"language": "json"
								}
							}
						},
						"url": {
							"raw": "{{server_address}}api/v1/orders/фа",
							"host": [
								"{{server_address}}api"
							],
							"path": [
								"v1",
								"orders",
								"фа"
							]
						}
					},
					"response": []
				},
				{
					"name": "121",
					"request": {
						"method": "PUT",
						"header": [],
						"body": {
							"mode": "raw",
							"raw": "{\"productsList\": [  { \"id\": 4,  \"quantity\": 1 } ]}",
							"options": {
								"raw": {
									"language": "json"
								}
							}
						},
						"url": {
							"raw": "{{server_address}}api/v1/orders/\"\"",
							"host": [
								"{{server_address}}api"
							],
							"path": [
								"v1",
								"orders",
								"\"\""
							]
						}
					},
					"response": []
				},
				{
					"name": "122",
					"request": {
						"method": "PUT",
						"header": [],
						"body": {
							"mode": "raw",
							"raw": "{\"productsList\": [ { \"id\": 4,  \"quantity\": 1 } ]}",
							"options": {
								"raw": {
									"language": "json"
								}
							}
						},
						"url": {
							"raw": "{{server_address}}api/v1/orders/4.5",
							"host": [
								"{{server_address}}api"
							],
							"path": [
								"v1",
								"orders",
								"4.5"
							]
						}
					},
					"response": []
				},
				{
					"name": "123",
					"request": {
						"method": "PUT",
						"header": [],
						"body": {
							"mode": "raw",
							"raw": "{\"productsList\": [  { \"id\": 4,  \"quantity\": 1 } ]}",
							"options": {
								"raw": {
									"language": "json"
								}
							}
						},
						"url": {
							"raw": "{{server_address}}api/v1/orders/9,5",
							"host": [
								"{{server_address}}api"
							],
							"path": [
								"v1",
								"orders",
								"9,5"
							]
						}
					},
					"response": []
				},
				{
					"name": "124",
					"request": {
						"method": "PUT",
						"header": [],
						"body": {
							"mode": "raw",
							"raw": "{\"productsList\": [   { \"id\": 4,  \"quantity\": 1 } ]}",
							"options": {
								"raw": {
									"language": "json"
								}
							}
						},
						"url": {
							"raw": "{{server_address}}api/v1/orders/\"false\"",
							"host": [
								"{{server_address}}api"
							],
							"path": [
								"v1",
								"orders",
								"\"false\""
							]
						}
					},
					"response": []
				},
				{
					"name": "125",
					"request": {
						"method": "PUT",
						"header": [],
						"body": {
							"mode": "raw",
							"raw": "{\"productsList\": [   { \"id\": 4,  \"quantity\": 1 } ]}",
							"options": {
								"raw": {
									"language": "json"
								}
							}
						},
						"url": {
							"raw": "{{server_address}}api/v1/orders/ 1",
							"host": [
								"{{server_address}}api"
							],
							"path": [
								"v1",
								"orders",
								" 1"
							]
						}
					},
					"response": []
				},
				{
					"name": "126",
					"request": {
						"method": "PUT",
						"header": [],
						"body": {
							"mode": "raw",
							"raw": "{\"productsList\": [  { \"id\": 4,  \"quantity\": 1 } ]}",
							"options": {
								"raw": {
									"language": "json"
								}
							}
						},
						"url": {
							"raw": "{{server_address}}api/v1/orders/1 ",
							"host": [
								"{{server_address}}api"
							],
							"path": [
								"v1",
								"orders",
								"1 "
							]
						}
					},
					"response": []
				},
				{
					"name": "127",
					"request": {
						"method": "PUT",
						"header": [],
						"body": {
							"mode": "raw",
							"raw": "{\"productsList\": [  { \"id\": 4,  \"quantity\": 1 } ]}",
							"options": {
								"raw": {
									"language": "json"
								}
							}
						},
						"url": {
							"raw": "{{server_address}}api/v1/orders/-1",
							"host": [
								"{{server_address}}api"
							],
							"path": [
								"v1",
								"orders",
								"-1"
							]
						}
					},
					"response": []
				},
				{
					"name": "128",
					"request": {
						"method": "PUT",
						"header": [],
						"body": {
							"mode": "raw",
							"raw": "{\"productsList\": [  { \"id\": 4,  \"quantity\": 1 } ]}",
							"options": {
								"raw": {
									"language": "json"
								}
							}
						},
						"url": {
							"raw": "{{server_address}}api/v1/orders/№;",
							"host": [
								"{{server_address}}api"
							],
							"path": [
								"v1",
								"orders",
								"№;"
							]
						}
					},
					"response": []
				},
				{
					"name": "129",
					"request": {
						"method": "PUT",
						"header": [],
						"body": {
							"mode": "raw",
							"raw": "{\"productsList\": [   { \"id\": 4,  \"quantity\": 1 } ]}",
							"options": {
								"raw": {
									"language": "json"
								}
							}
						},
						"url": {
							"raw": "{{server_address}}api/v1/orders/null",
							"host": [
								"{{server_address}}api"
							],
							"path": [
								"v1",
								"orders",
								"null"
							]
						}
					},
					"response": []
				},
				{
					"name": "130",
					"request": {
						"method": "PUT",
						"header": [],
						"body": {
							"mode": "raw",
							"raw": "{\"productsList\": [  { \"id\": 4, \"quantity\": 1 } ]}",
							"options": {
								"raw": {
									"language": "json"
								}
							}
						},
						"url": {
							"raw": "{{server_address}}api/v1/orders/1",
							"host": [
								"{{server_address}}api"
							],
							"path": [
								"v1",
								"orders",
								"1"
							]
						}
					},
					"response": []
				},
				{
					"name": "131",
					"request": {
						"method": "PUT",
						"header": [],
						"body": {
							"mode": "raw",
							"raw": "{\"productsList\": []}",
							"options": {
								"raw": {
									"language": "json"
								}
							}
						},
						"url": {
							"raw": "{{server_address}}api/v1/orders/1",
							"host": [
								"{{server_address}}api"
							],
							"path": [
								"v1",
								"orders",
								"1"
							]
						}
					},
					"response": []
				},
				{
					"name": "132",
					"request": {
						"method": "PUT",
						"header": [],
						"url": {
							"raw": "{{server_address}}api/v1/orders/1",
							"host": [
								"{{server_address}}api"
							],
							"path": [
								"v1",
								"orders",
								"1"
							]
						}
					},
					"response": []
				},
				{
					"name": "133",
					"request": {
						"method": "PUT",
						"header": [],
						"body": {
							"mode": "raw",
							"raw": " {\"productsList\": [  {} ]}",
							"options": {
								"raw": {
									"language": "json"
								}
							}
						},
						"url": {
							"raw": "{{server_address}}api/v1/orders/1",
							"host": [
								"{{server_address}}api"
							],
							"path": [
								"v1",
								"orders",
								"1"
							]
						}
					},
					"response": []
				},
				{
					"name": "134",
					"request": {
						"method": "PUT",
						"header": [],
						"body": {
							"mode": "raw",
							"raw": " <InputModel>\n    <productsList>\n    <id>4</id>\n    <quantity>1</quantity>\n  </productsList>\n</InputModel>",
							"options": {
								"raw": {
									"language": "xml"
								}
							}
						},
						"url": {
							"raw": "{{server_address}}api/v1/orders/1",
							"host": [
								"{{server_address}}api"
							],
							"path": [
								"v1",
								"orders",
								"1"
							]
						}
					},
					"response": []
				},
				{
					"name": "135",
					"request": {
						"method": "PUT",
						"header": [],
						"body": {
							"mode": "raw",
							"raw": "{\"productsList\": [  { \"id\": 4, \"quantity\": 1 } ]}",
							"options": {
								"raw": {
									"language": "json"
								}
							}
						},
						"url": {
							"raw": "{{server_address}}api/v1/orders/1",
							"host": [
								"{{server_address}}api"
							],
							"path": [
								"v1",
								"orders",
								"1"
							]
						}
					},
					"response": []
				},
				{
					"name": "136",
					"request": {
						"method": "PUT",
						"header": [],
						"body": {
							"mode": "raw",
							"raw": "{\"productsList\": [  { \"id\": 999, \"quantity\": 1 } ]}",
							"options": {
								"raw": {
									"language": "json"
								}
							}
						},
						"url": {
							"raw": "{{server_address}}api/v1/orders/1",
							"host": [
								"{{server_address}}api"
							],
							"path": [
								"v1",
								"orders",
								"1"
							]
						}
					},
					"response": []
				},
				{
					"name": "137",
					"request": {
						"method": "PUT",
						"header": [],
						"body": {
							"mode": "raw",
							"raw": "{\"productsList\": [  { \"id\": \"4\", \"quantity\": 1 } ]}",
							"options": {
								"raw": {
									"language": "json"
								}
							}
						},
						"url": {
							"raw": "{{server_address}}api/v1/orders/1",
							"host": [
								"{{server_address}}api"
							],
							"path": [
								"v1",
								"orders",
								"1"
							]
						}
					},
					"response": []
				},
				{
					"name": "138",
					"request": {
						"method": "PUT",
						"header": [],
						"body": {
							"mode": "raw",
							"raw": "{\"productsList\": [  { \"id\": \"\", \"quantity\": 1 } ]}",
							"options": {
								"raw": {
									"language": "json"
								}
							}
						},
						"url": {
							"raw": "{{server_address}}api/v1/orders/1",
							"host": [
								"{{server_address}}api"
							],
							"path": [
								"v1",
								"orders",
								"1"
							]
						}
					},
					"response": []
				},
				{
					"name": "139",
					"request": {
						"method": "PUT",
						"header": [],
						"body": {
							"mode": "raw",
							"raw": "{\"productsList\": [  { \"id\": \"bread\", \"quantity\": 1 } ]}",
							"options": {
								"raw": {
									"language": "json"
								}
							}
						},
						"url": {
							"raw": "{{server_address}}api/v1/orders/1",
							"host": [
								"{{server_address}}api"
							],
							"path": [
								"v1",
								"orders",
								"1"
							]
						}
					},
					"response": []
				},
				{
					"name": "140",
					"request": {
						"method": "PUT",
						"header": [],
						"body": {
							"mode": "raw",
							"raw": "{\"productsList\": [  { \"id\": \"хлеб\", \"quantity\": 1 } ]}",
							"options": {
								"raw": {
									"language": "json"
								}
							}
						},
						"url": {
							"raw": "{{server_address}}api/v1/orders/1",
							"host": [
								"{{server_address}}api"
							],
							"path": [
								"v1",
								"orders",
								"1"
							]
						}
					},
					"response": []
				},
				{
					"name": "141",
					"request": {
						"method": "PUT",
						"header": [],
						"body": {
							"mode": "raw",
							"raw": "{\"productsList\": [  { \"id\": №%, \"quantity\": 4 } ]}",
							"options": {
								"raw": {
									"language": "json"
								}
							}
						},
						"url": {
							"raw": "{{server_address}}api/v1/orders/1",
							"host": [
								"{{server_address}}api"
							],
							"path": [
								"v1",
								"orders",
								"1"
							]
						}
					},
					"response": []
				},
				{
					"name": "142",
					"request": {
						"method": "PUT",
						"header": [],
						"body": {
							"mode": "raw",
							"raw": "{\"productsList\": [  { \"id\": , \"quantity\": 4 } ]}",
							"options": {
								"raw": {
									"language": "json"
								}
							}
						},
						"url": {
							"raw": "{{server_address}}api/v1/orders/1",
							"host": [
								"{{server_address}}api"
							],
							"path": [
								"v1",
								"orders",
								"1"
							]
						}
					},
					"response": []
				},
				{
					"name": "143",
					"request": {
						"method": "PUT",
						"header": [],
						"body": {
							"mode": "raw",
							"raw": "{\"productsList\": [  { \"id\": null, \"quantity\": 4 } ]}",
							"options": {
								"raw": {
									"language": "json"
								}
							}
						},
						"url": {
							"raw": "{{server_address}}api/v1/orders/1",
							"host": [
								"{{server_address}}api"
							],
							"path": [
								"v1",
								"orders",
								"1"
							]
						}
					},
					"response": []
				},
				{
					"name": "144",
					"request": {
						"method": "PUT",
						"header": [],
						"body": {
							"mode": "raw",
							"raw": "{\"productsList\": [  { \"id\": -3, \"quantity\": 4 } ]}",
							"options": {
								"raw": {
									"language": "json"
								}
							}
						},
						"url": {
							"raw": "{{server_address}}api/v1/orders/1",
							"host": [
								"{{server_address}}api"
							],
							"path": [
								"v1",
								"orders",
								"1"
							]
						}
					},
					"response": []
				},
				{
					"name": "145",
					"request": {
						"method": "PUT",
						"header": [],
						"body": {
							"mode": "raw",
							"raw": "{\"productsList\": [  { \"id\": 3.5, \"quantity\": 4 } ]}",
							"options": {
								"raw": {
									"language": "json"
								}
							}
						},
						"url": {
							"raw": "{{server_address}}api/v1/orders/1",
							"host": [
								"{{server_address}}api"
							],
							"path": [
								"v1",
								"orders",
								"1"
							]
						}
					},
					"response": []
				},
				{
					"name": "146",
					"request": {
						"method": "PUT",
						"header": [],
						"body": {
							"mode": "raw",
							"raw": "{\"productsList\": [  { \"id\": 3,5, \"quantity\": 4 } ]}",
							"options": {
								"raw": {
									"language": "json"
								}
							}
						},
						"url": {
							"raw": "{{server_address}}api/v1/orders/1",
							"host": [
								"{{server_address}}api"
							],
							"path": [
								"v1",
								"orders",
								"1"
							]
						}
					},
					"response": []
				},
				{
					"name": "147",
					"request": {
						"method": "PUT",
						"header": [],
						"body": {
							"mode": "raw",
							"raw": "{\"productsList\": [  { \"id\": 4, \"quantity\": 1 } ]}",
							"options": {
								"raw": {
									"language": "json"
								}
							}
						},
						"url": {
							"raw": "{{server_address}}api/v1/orders/1",
							"host": [
								"{{server_address}}api"
							],
							"path": [
								"v1",
								"orders",
								"1"
							]
						}
					},
					"response": []
				},
				{
					"name": "148",
					"request": {
						"method": "PUT",
						"header": [],
						"body": {
							"mode": "raw",
							"raw": "{\"productsList\": [  { \"id\": 4, \"quantity\": 444 } ]}",
							"options": {
								"raw": {
									"language": "json"
								}
							}
						},
						"url": {
							"raw": "{{server_address}}api/v1/orders/1",
							"host": [
								"{{server_address}}api"
							],
							"path": [
								"v1",
								"orders",
								"1"
							]
						}
					},
					"response": []
				},
				{
					"name": "149",
					"request": {
						"method": "PUT",
						"header": [],
						"body": {
							"mode": "raw",
							"raw": "{\"productsList\": [  { \"id\": 4, \"quantity\": \"1\" } ]}",
							"options": {
								"raw": {
									"language": "json"
								}
							}
						},
						"url": {
							"raw": "{{server_address}}api/v1/orders/1",
							"host": [
								"{{server_address}}api"
							],
							"path": [
								"v1",
								"orders",
								"1"
							]
						}
					},
					"response": []
				},
				{
					"name": "150",
					"request": {
						"method": "PUT",
						"header": [],
						"body": {
							"mode": "raw",
							"raw": "{\"productsList\": [  { \"id\": 4, \"quantity\": \"\" } ]}",
							"options": {
								"raw": {
									"language": "json"
								}
							}
						},
						"url": {
							"raw": "{{server_address}}api/v1/orders/1",
							"host": [
								"{{server_address}}api"
							],
							"path": [
								"v1",
								"orders",
								"1"
							]
						}
					},
					"response": []
				},
				{
					"name": "151",
					"request": {
						"method": "PUT",
						"header": [],
						"body": {
							"mode": "raw",
							"raw": "{\"productsList\": [  { \"id\": 4, \"quantity\": two } ]}",
							"options": {
								"raw": {
									"language": "json"
								}
							}
						},
						"url": {
							"raw": "{{server_address}}api/v1/orders/1",
							"host": [
								"{{server_address}}api"
							],
							"path": [
								"v1",
								"orders",
								"1"
							]
						}
					},
					"response": []
				},
				{
					"name": "152",
					"request": {
						"method": "PUT",
						"header": [],
						"body": {
							"mode": "raw",
							"raw": "{\"productsList\": [  { \"id\": 1, \"quantity\": три } ]}",
							"options": {
								"raw": {
									"language": "json"
								}
							}
						},
						"url": {
							"raw": "{{server_address}}api/v1/orders/1",
							"host": [
								"{{server_address}}api"
							],
							"path": [
								"v1",
								"orders",
								"1"
							]
						}
					},
					"response": []
				},
				{
					"name": "153",
					"request": {
						"method": "PUT",
						"header": [],
						"body": {
							"mode": "raw",
							"raw": "{\"productsList\": [  { \"id\": 1, \"quantity\": @% } ]}",
							"options": {
								"raw": {
									"language": "json"
								}
							}
						},
						"url": {
							"raw": "{{server_address}}api/v1/orders/1",
							"host": [
								"{{server_address}}api"
							],
							"path": [
								"v1",
								"orders",
								"1"
							]
						}
					},
					"response": []
				},
				{
					"name": "154",
					"request": {
						"method": "PUT",
						"header": [],
						"body": {
							"mode": "raw",
							"raw": "{\"productsList\": [  { \"id\": 1, \"quantity\": } ]}",
							"options": {
								"raw": {
									"language": "json"
								}
							}
						},
						"url": {
							"raw": "{{server_address}}api/v1/orders/1",
							"host": [
								"{{server_address}}api"
							],
							"path": [
								"v1",
								"orders",
								"1"
							]
						}
					},
					"response": []
				},
				{
					"name": "155",
					"request": {
						"method": "PUT",
						"header": [],
						"body": {
							"mode": "raw",
							"raw": "{\"productsList\": [  { \"id\": 4, \"quantity\": null } ]}",
							"options": {
								"raw": {
									"language": "json"
								}
							}
						},
						"url": {
							"raw": "{{server_address}}api/v1/orders/1",
							"host": [
								"{{server_address}}api"
							],
							"path": [
								"v1",
								"orders",
								"1"
							]
						}
					},
					"response": []
				},
				{
					"name": "156",
					"request": {
						"method": "PUT",
						"header": [],
						"body": {
							"mode": "raw",
							"raw": "{\"productsList\": [  { \"id\": 1, \"quantity\": -4 } ]}",
							"options": {
								"raw": {
									"language": "json"
								}
							}
						},
						"url": {
							"raw": "{{server_address}}api/v1/orders/1",
							"host": [
								"{{server_address}}api"
							],
							"path": [
								"v1",
								"orders",
								"1"
							]
						}
					},
					"response": []
				},
				{
					"name": "157",
					"request": {
						"method": "PUT",
						"header": [],
						"body": {
							"mode": "raw",
							"raw": "{\"productsList\": [  { \"id\": 1, \"quantity\": 2.4 } ]}",
							"options": {
								"raw": {
									"language": "json"
								}
							}
						},
						"url": {
							"raw": "{{server_address}}api/v1/orders/1",
							"host": [
								"{{server_address}}api"
							],
							"path": [
								"v1",
								"orders",
								"1"
							]
						}
					},
					"response": []
				},
				{
					"name": "158",
					"request": {
						"method": "PUT",
						"header": [],
						"body": {
							"mode": "raw",
							"raw": "{\"productsList\": [  { \"id\": 1, \"quantity\": 2,4 } ]}",
							"options": {
								"raw": {
									"language": "json"
								}
							}
						},
						"url": {
							"raw": "{{server_address}}api/v1/orders/1",
							"host": [
								"{{server_address}}api"
							],
							"path": [
								"v1",
								"orders",
								"1"
							]
						}
					},
					"response": []
				}
			],
			"description": "PUT /api/v1/orders/:id"
		}
	]
}